{
  "name": "Prediure_Imatge",
  "nodes": [
    {
      "parameters": {
        "httpMethod": "POST",
        "path": "predict-image",
        "responseMode": "lastNode",
        "options": {
          "binaryData": false
        }
      },
      "id": "6447d34e-641d-4fd2-9bd9-5c4b29728030",
      "name": "Webhook",
      "type": "n8n-nodes-base.webhook",
      "typeVersion": 1,
      "position": [
        -1020,
        80
      ],
      "webhookId": "57c135bf-acdf-47bf-a0e5-3d7b791d51ef"
    },
    {
      "parameters": {
        "requestMethod": "POST",
        "url": "http://api:8000/predict/",
        "jsonParameters": true,
        "options": {
          "bodyContentType": "multipart-form-data"
        },
        "sendBinaryData": true,
        "binaryPropertyName": "file",
        "headerParametersJson": "=",
        "queryParametersJson": "="
      },
      "id": "2ab943a4-647b-43b2-867b-64a3745fe577",
      "name": "Call FastAPI",
      "type": "n8n-nodes-base.httpRequest",
      "typeVersion": 1,
      "position": [
        -800,
        80
      ]
    },
    {
      "parameters": {
        "conditions": {
          "number": [
            {
              "value1": "={{$json[\"class\"]}}",
              "operation": "equal",
              "value2": 1
            }
          ]
        }
      },
      "id": "a6e50da8-5595-445e-802f-3eb2b6f6d2a0",
      "name": "IF is Malignant",
      "type": "n8n-nodes-base.if",
      "typeVersion": 1,
      "position": [
        -520,
        -60
      ]
    },
    {
      "parameters": {
        "sendTo": "celiosanchez@uoc.edu",
        "subject": "Resultat: Benigna",
        "emailType": "text",
        "message": "La imagen ha sigut predita amb el resultat de benigna",
        "options": {}
      },
      "type": "n8n-nodes-base.gmail",
      "typeVersion": 2.1,
      "position": [
        -280,
        -220
      ],
      "id": "d640cec2-d509-4b04-9158-f93ccd8f2794",
      "name": "Gmail",
      "webhookId": "1da8859e-7414-40c5-97e0-d691c4272b4c",
      "alwaysOutputData": true,
      "credentials": {
        "gmailOAuth2": {
          "id": "ZANOLzNus5BtVUym",
          "name": "Gmail account"
        }
      }
    },
    {
      "parameters": {
        "sendTo": "celiosanchez@uoc.edu",
        "subject": "Resultat: Maligna",
        "emailType": "text",
        "message": "La imatge ha sigut predita amb el resultat de Maligna",
        "options": {}
      },
      "type": "n8n-nodes-base.gmail",
      "typeVersion": 2.1,
      "position": [
        -280,
        -20
      ],
      "id": "000e0d75-4557-4444-940e-52e1ccbf4525",
      "name": "Gmail1",
      "webhookId": "f04f3bb1-dc79-404e-b967-a0bf0afca1a4",
      "alwaysOutputData": true,
      "credentials": {
        "gmailOAuth2": {
          "id": "ZANOLzNus5BtVUym",
          "name": "Gmail account"
        }
      }
    },
    {
      "parameters": {
        "jsCode": "// Muestra el JSON actual para depuración\nconsole.log($json);\n\n// Intenta acceder seguro a los datos\nif ($json.prediccionFastAPI && $json.prediccionFastAPI.probabilities) {\n  return [{\n    json: {\n      probabilities: $json.prediccionFastAPI.probabilities,\n      predicted_class: $json.prediccionFastAPI.predicted_class,\n      class_index: $json.prediccionFastAPI.class_index\n    }\n  }];\n} else {\n  // Devuelve todo el JSON actual para inspección\n  return [{ json: $json }];\n}"
      },
      "type": "n8n-nodes-base.code",
      "typeVersion": 2,
      "position": [
        -520,
        160
      ],
      "id": "6933a559-6bc0-4b1d-946a-28b26e310687",
      "name": "Code3"
    }
  ],
  "pinData": {},
  "connections": {
    "Webhook": {
      "main": [
        [
          {
            "node": "Call FastAPI",
            "type": "main",
            "index": 0
          }
        ]
      ]
    },
    "Call FastAPI": {
      "main": [
        [
          {
            "node": "IF is Malignant",
            "type": "main",
            "index": 0
          },
          {
            "node": "Code3",
            "type": "main",
            "index": 0
          }
        ]
      ]
    },
    "IF is Malignant": {
      "main": [
        [
          {
            "node": "Gmail",
            "type": "main",
            "index": 0
          }
        ],
        [
          {
            "node": "Gmail1",
            "type": "main",
            "index": 0
          }
        ]
      ]
    },
    "Gmail": {
      "main": [
        []
      ]
    },
    "Gmail1": {
      "main": [
        []
      ]
    },
    "Code3": {
      "main": [
        []
      ]
    }
  },
  "active": true,
  "settings": {
    "executionOrder": "v1"
  },
  "versionId": "ffd59ebf-a1c6-4315-a090-5045f130053a",
  "meta": {
    "templateCredsSetupCompleted": true,
    "instanceId": "6f239976b85aa5f099d92e61a8b0ed6a0e5cde99fc5c63b992a1b3e436efb707"
  },
  "id": "XIa9Maunp0PjGE2F",
  "tags": []
}